group,company,inn,risk_score,risk_label,overall,coverage_score,mandatory_score,workflow_completion_percent,positive_allowed,resolved,partial,unavailable_or_error,primary_sources,fallback_sources,top_factors,fssp_validation,data_quality_flags
Банкротство,"ООО ""СУРГУТТРАНС""",8602203965,60,Высокий риск,Высокий риск,77,77,100,False,registration | fssp | tax_debt | tax_offence | finance | cbr_warning | management | regulatory_inspections,bankruptcy,arbitration | general_courts | cbr_zsk | procurement_rnp,registration=firmoteka_registration | tax_debt=fns_tax_debt | tax_offence=fns_tax_offence | finance=fns_revenue_expenses | bankruptcy=firmoteka_bankruptcy | fssp=firmoteka_fssp | arbitration=checko_arbitration_cases | general_courts=moscow_general_court_cases | cbr_warning=cbr_warning_list | cbr_zsk=cbr_zsk_direct | bankinform=capability_applicability_policy | management=fns_disqualified | licences_sro=capability_applicability_policy | regulatory_inspections=erknm_inspections | procurement_rnp=firmoteka_procurement,"registration=fns_egrul_egrip | tax_debt=firmoteka_tax | finance=firmoteka_finance | bankruptcy=fedresurs_bankruptcy,efrsb_direct | fssp=fssp_enforcement,fssp_direct | cbr_zsk=cbr_zsk | management=firmoteka_management",Процедура: конкурсное производство — 16.2 балла | Регистрационный статус: Не действует — 10.8 балла | Финансовый результат: -338 000 ₽ — 7 баллов,NOT_IN_VALIDATION_MATRIX,
Банкротство,"ООО ""АЛЬЯНС ХЕЛЗ ТЕХНОЛОДЖИ""",7838040910,60,Высокий риск,Высокий риск,67,67,100,False,registration | tax_debt | tax_offence | finance | cbr_warning | management | regulatory_inspections,bankruptcy | licences_sro,fssp | arbitration | general_courts | cbr_zsk | procurement_rnp,registration=firmoteka_registration | tax_debt=fns_tax_debt | tax_offence=fns_tax_offence | finance=fns_revenue_expenses | bankruptcy=firmoteka_bankruptcy | fssp=fssp_enforcement | arbitration=checko_arbitration_cases | general_courts=moscow_general_court_cases | cbr_warning=cbr_warning_list | cbr_zsk=cbr_zsk_direct | bankinform=capability_applicability_policy | management=fns_disqualified | licences_sro=firmoteka_licences_sro | regulatory_inspections=erknm_inspections | procurement_rnp=firmoteka_procurement,"registration=fns_egrul_egrip | tax_debt=firmoteka_tax | finance=firmoteka_finance | bankruptcy=fedresurs_bankruptcy,efrsb_direct | fssp=firmoteka_fssp,fssp_direct | cbr_zsk=cbr_zsk | management=firmoteka_management | licences_sro=official_licence_registries",Процедура: конкурсное производство — 16.2 балла | Регистрационный статус: Не действует — 10.8 балла | Финансовый результат: -65 221 642 000 ₽ — 7 баллов,NOT_IN_VALIDATION_MATRIX,
Банкротство,"ООО ""СПЕЦМАШ""",7802275725,35,Умеренный риск,Умеренный риск,74,74,100,False,registration | fssp | tax_debt | tax_offence | finance | cbr_warning | management | regulatory_inspections,bankruptcy,arbitration | general_courts | cbr_zsk | licences_sro | procurement_rnp,registration=firmoteka_registration | tax_debt=fns_tax_debt | tax_offence=fns_tax_offence | finance=fns_revenue_expenses | bankruptcy=firmoteka_bankruptcy | fssp=firmoteka_fssp | arbitration=checko_arbitration_cases | general_courts=moscow_general_court_cases | cbr_warning=cbr_warning_list | cbr_zsk=cbr_zsk_direct | bankinform=capability_applicability_policy | management=fns_disqualified | licences_sro=official_licence_registries | regulatory_inspections=erknm_inspections | procurement_rnp=firmoteka_procurement,"registration=fns_egrul_egrip | tax_debt=firmoteka_tax | finance=firmoteka_finance | bankruptcy=fedresurs_bankruptcy,efrsb_direct | fssp=fssp_enforcement,fssp_direct | cbr_zsk=cbr_zsk | management=firmoteka_management | licences_sro=firmoteka_licences_sro","Регистрационный статус: Не действует — 10.8 балла | Процедура: возбуждено дело о банкротстве — 8.1 балла | Действующих производств: 9, остаток: 482 421 530.48 ₽ — 6.12 балла",NOT_IN_VALIDATION_MATRIX,
Банкротство,"ООО СК ""ПЕТРАСТРОЙ""",7743338473,60,Высокий риск,Высокий риск,74,74,100,False,registration | fssp | tax_debt | tax_offence | finance | cbr_warning | management | regulatory_inspections,bankruptcy,arbitration | general_courts | cbr_zsk | licences_sro | procurement_rnp,registration=firmoteka_registration | tax_debt=fns_tax_debt | tax_offence=fns_tax_offence | finance=fns_revenue_expenses | bankruptcy=firmoteka_bankruptcy | fssp=firmoteka_fssp | arbitration=checko_arbitration_cases | general_courts=moscow_general_court_cases | cbr_warning=cbr_warning_list | cbr_zsk=cbr_zsk_direct | bankinform=capability_applicability_policy | management=fns_disqualified | licences_sro=official_licence_registries | regulatory_inspections=erknm_inspections | procurement_rnp=firmoteka_procurement,"registration=fns_egrul_egrip | tax_debt=firmoteka_tax | finance=firmoteka_finance | bankruptcy=fedresurs_bankruptcy,efrsb_direct | fssp=fssp_enforcement,fssp_direct | cbr_zsk=cbr_zsk | management=firmoteka_management | licences_sro=firmoteka_licences_sro","Процедура: наблюдение — 16.2 балла | Регистрационный статус: Не действует — 10.8 балла | Действующих производств: 58, остаток: 371 440 504.87 ₽ — 9 баллов",UNVERIFIED,
Банкротство,"ООО ""МР-ТРАЙДИНГ""",7730253021,60,Высокий риск,Высокий риск,66,66,100,False,registration | tax_debt | tax_offence | finance | cbr_warning | management | regulatory_inspections,bankruptcy,fssp | arbitration | general_courts | cbr_zsk | procurement_rnp,registration=firmoteka_registration | tax_debt=fns_tax_debt | tax_offence=fns_tax_offence | finance=fns_revenue_expenses | bankruptcy=firmoteka_bankruptcy | fssp=fssp_enforcement | arbitration=checko_arbitration_cases | general_courts=moscow_general_court_cases | cbr_warning=cbr_warning_list | cbr_zsk=cbr_zsk_direct | bankinform=capability_applicability_policy | management=fns_disqualified | licences_sro=capability_applicability_policy | regulatory_inspections=erknm_inspections | procurement_rnp=firmoteka_procurement,"registration=fns_egrul_egrip | tax_debt=firmoteka_tax | finance=firmoteka_finance | bankruptcy=fedresurs_bankruptcy,efrsb_direct | fssp=firmoteka_fssp,fssp_direct | cbr_zsk=cbr_zsk | management=firmoteka_management",Процедура: конкурсное производство — 16.2 балла | Регистрационный статус: Не действует — 10.8 балла | Налоговая задолженность: 13 292 435 067.22 ₽ — 6 баллов,NOT_IN_VALIDATION_MATRIX,
Банкротство,"ООО ""ГЛАВТОРГ""",7726670030,60,Высокий риск,Высокий риск,66,66,100,False,registration | tax_debt | tax_offence | finance | cbr_warning | management | regulatory_inspections,bankruptcy,fssp | arbitration | general_courts | cbr_zsk | procurement_rnp,registration=firmoteka_registration | tax_debt=fns_tax_debt | tax_offence=fns_tax_offence | finance=fns_revenue_expenses | bankruptcy=firmoteka_bankruptcy | fssp=fssp_enforcement | arbitration=checko_arbitration_cases | general_courts=moscow_general_court_cases | cbr_warning=cbr_warning_list | cbr_zsk=cbr_zsk_direct | bankinform=capability_applicability_policy | management=fns_disqualified | licences_sro=capability_applicability_policy | regulatory_inspections=erknm_inspections | procurement_rnp=firmoteka_procurement,"registration=fns_egrul_egrip | tax_debt=firmoteka_tax | finance=firmoteka_finance | bankruptcy=fedresurs_bankruptcy,efrsb_direct | fssp=firmoteka_fssp,fssp_direct | cbr_zsk=cbr_zsk | management=firmoteka_management",Процедура: конкурсное производство — 16.2 балла | Регистрационный статус: Не действует — 10.8 балла | Финансовый результат: -871 000 ₽ — 7 баллов,NOT_IN_VALIDATION_MATRIX,
Банкротство,"ООО ""ТИЕРА""",7721681824,60,Высокий риск,Высокий риск,78,78,100,False,registration | fssp | tax_debt | tax_offence | finance | cbr_warning | management | regulatory_inspections,bankruptcy | licences_sro,arbitration | general_courts | cbr_zsk | procurement_rnp,registration=firmoteka_registration | tax_debt=fns_tax_debt | tax_offence=fns_tax_offence | finance=fns_revenue_expenses | bankruptcy=firmoteka_bankruptcy | fssp=firmoteka_fssp | arbitration=checko_arbitration_cases | general_courts=moscow_general_court_cases | cbr_warning=cbr_warning_list | cbr_zsk=cbr_zsk_direct | bankinform=capability_applicability_policy | management=fns_disqualified | licences_sro=firmoteka_licences_sro | regulatory_inspections=erknm_inspections | procurement_rnp=firmoteka_procurement,"registration=fns_egrul_egrip | tax_debt=firmoteka_tax | finance=firmoteka_finance | bankruptcy=fedresurs_bankruptcy,efrsb_direct | fssp=fssp_enforcement,fssp_direct | cbr_zsk=cbr_zsk | management=firmoteka_management | licences_sro=licences_sro",Процедура: конкурсное производство — 16.2 балла | Регистрационный статус: Не действует — 10.8 балла | Финансовый результат: -17 979 000 ₽ — 7 баллов,NOT_IN_VALIDATION_MATRIX,
Банкротство,"ООО ""САНАМ ПРО""",7720831611,60,Высокий риск,Высокий риск,77,77,100,False,registration | fssp | tax_debt | tax_offence | finance | cbr_warning | management | regulatory_inspections,bankruptcy,arbitration | general_courts | cbr_zsk | procurement_rnp,registration=firmoteka_registration | tax_debt=fns_tax_debt | tax_offence=fns_tax_offence | finance=fns_revenue_expenses | bankruptcy=firmoteka_bankruptcy | fssp=firmoteka_fssp | arbitration=checko_arbitration_cases | general_courts=moscow_general_court_cases | cbr_warning=cbr_warning_list | cbr_zsk=cbr_zsk_direct | bankinform=capability_applicability_policy | management=fns_disqualified | licences_sro=capability_applicability_policy | regulatory_inspections=erknm_inspections | procurement_rnp=firmoteka_procurement,"registration=fns_egrul_egrip | tax_debt=firmoteka_tax | finance=firmoteka_finance | bankruptcy=fedresurs_bankruptcy,efrsb_direct | fssp=fssp_enforcement,fssp_direct | cbr_zsk=cbr_zsk | management=firmoteka_management",Процедура: конкурсное производство — 16.2 балла | Регистрационный статус: Не действует — 10.8 балла | Налоговая задолженность: 2 344 589 352.24 ₽ — 6 баллов,NOT_IN_VALIDATION_MATRIX,
Банкротство,"ООО ""ТК-ВИКТОРИЯ""",7719616426,60,Высокий риск,Высокий риск,77,77,100,False,registration | fssp | tax_debt | tax_offence | finance | cbr_warning | management | regulatory_inspections,bankruptcy,arbitration | general_courts | cbr_zsk | procurement_rnp,registration=firmoteka_registration | tax_debt=fns_tax_debt | tax_offence=fns_tax_offence | finance=fns_revenue_expenses | bankruptcy=firmoteka_bankruptcy | fssp=firmoteka_fssp | arbitration=checko_arbitration_cases | general_courts=moscow_general_court_cases | cbr_warning=cbr_warning_list | cbr_zsk=cbr_zsk_direct | bankinform=capability_applicability_policy | management=fns_disqualified | licences_sro=capability_applicability_policy | regulatory_inspections=erknm_inspections | procurement_rnp=firmoteka_procurement,"registration=fns_egrul_egrip | tax_debt=firmoteka_tax | finance=firmoteka_finance | bankruptcy=fedresurs_bankruptcy,efrsb_direct | fssp=fssp_enforcement,fssp_direct | cbr_zsk=cbr_zsk | management=firmoteka_management","Процедура: наблюдение — 16.2 балла | Регистрационный статус: Не действует — 10.8 балла | Действующих производств: 12, остаток: 1 093 452 305.48 ₽ — 6.66 балла",NOT_IN_VALIDATION_MATRIX,
Банкротство,"ООО ""РЕАЛ ТРЕЙД""",1655423922,60,Высокий риск,Высокий риск,67,67,100,False,registration | tax_debt | tax_offence | finance | cbr_warning | management | regulatory_inspections,bankruptcy | licences_sro,fssp | arbitration | general_courts | cbr_zsk | procurement_rnp,registration=firmoteka_registration | tax_debt=fns_tax_debt | tax_offence=fns_tax_offence | finance=fns_revenue_expenses | bankruptcy=firmoteka_bankruptcy | fssp=fssp_enforcement | arbitration=checko_arbitration_cases | general_courts=moscow_general_court_cases | cbr_warning=cbr_warning_list | cbr_zsk=cbr_zsk_direct | bankinform=capability_applicability_policy | management=fns_disqualified | licences_sro=firmoteka_licences_sro | regulatory_inspections=erknm_inspections | procurement_rnp=firmoteka_procurement,"registration=fns_egrul_egrip | tax_debt=firmoteka_tax | finance=firmoteka_finance | bankruptcy=fedresurs_bankruptcy,efrsb_direct | fssp=firmoteka_fssp,fssp_direct | cbr_zsk=cbr_zsk | management=firmoteka_management | licences_sro=licences_sro",Процедура: конкурсное производство — 16.2 балла | Регистрационный статус: Не действует — 10.8 балла | Финансовый результат: -5 548 000 ₽ — 3 балла,NOT_IN_VALIDATION_MATRIX,
Налоговые факторы,"ООО ""УРАЛЦВЕТЛИТ""",6612045859,16,Низкий наблюдаемый риск,Недостаточно данных для полного вывода,65,65,100,False,registration | fssp | tax_debt | tax_offence | finance | cbr_warning | management | regulatory_inspections,licences_sro,bankruptcy | arbitration | general_courts | cbr_zsk | procurement_rnp,registration=firmoteka_registration | tax_debt=fns_tax_debt | tax_offence=fns_tax_offence | finance=fns_revenue_expenses | bankruptcy=efrsb_direct | fssp=firmoteka_fssp | arbitration=checko_arbitration_cases | general_courts=moscow_general_court_cases | cbr_warning=cbr_warning_list | cbr_zsk=cbr_zsk_direct | bankinform=capability_applicability_policy | management=fns_disqualified | licences_sro=firmoteka_licences_sro | regulatory_inspections=erknm_inspections | procurement_rnp=firmoteka_procurement,"registration=fns_egrul_egrip | tax_debt=firmoteka_tax | finance=firmoteka_finance | bankruptcy=fedresurs_bankruptcy,firmoteka_bankruptcy_discovery | fssp=fssp_enforcement,fssp_direct | cbr_zsk=cbr_zsk | management=firmoteka_management | licences_sro=licences_sro","Налоговая задолженность: 15 702 961 090.63 ₽ — 6 баллов | Действующих производств: 4, остаток: 15 712 676 255.21 ₽ — 5.22 балла | Финансовый результат: -2 797 797 000 ₽ — 5 баллов",NOT_IN_VALIDATION_MATRIX,
Налоговые факторы,"ООО ""БРУСКО ФАКТОРИ""",6312208069,60,Высокий риск,Высокий риск,78,78,100,False,registration | fssp | tax_debt | tax_offence | finance | cbr_warning | management | regulatory_inspections,bankruptcy | licences_sro,arbitration | general_courts | cbr_zsk | procurement_rnp,registration=firmoteka_registration | tax_debt=fns_tax_debt | tax_offence=fns_tax_offence | finance=fns_revenue_expenses | bankruptcy=firmoteka_bankruptcy | fssp=firmoteka_fssp | arbitration=checko_arbitration_cases | general_courts=moscow_general_court_cases | cbr_warning=cbr_warning_list | cbr_zsk=cbr_zsk_direct | bankinform=capability_applicability_policy | management=fns_disqualified | licences_sro=firmoteka_licences_sro | regulatory_inspections=erknm_inspections | procurement_rnp=firmoteka_procurement,"registration=fns_egrul_egrip | tax_debt=firmoteka_tax | finance=firmoteka_finance | bankruptcy=fedresurs_bankruptcy,efrsb_direct | fssp=fssp_enforcement,fssp_direct | cbr_zsk=cbr_zsk | management=firmoteka_management | licences_sro=licences_sro",Процедура: конкурсное производство — 16.2 балла | Регистрационный статус: Не действует — 10.8 балла | Налоговая задолженность: 13 777 126 630.17 ₽ — 6 баллов,NOT_IN_VALIDATION_MATRIX,
Налоговые факторы,"ООО ""АПК""",7327080600,60,Высокий риск,Высокий риск,67,67,100,False,registration | tax_debt | tax_offence | finance | cbr_warning | management | regulatory_inspections,bankruptcy | licences_sro,fssp | arbitration | general_courts | cbr_zsk | procurement_rnp,registration=firmoteka_registration | tax_debt=fns_tax_debt | tax_offence=fns_tax_offence | finance=fns_revenue_expenses | bankruptcy=firmoteka_bankruptcy | fssp=fssp_enforcement | arbitration=checko_arbitration_cases | general_courts=moscow_general_court_cases | cbr_warning=cbr_warning_list | cbr_zsk=cbr_zsk_direct | bankinform=capability_applicability_policy | management=fns_disqualified | licences_sro=firmoteka_licences_sro | regulatory_inspections=erknm_inspections | procurement_rnp=firmoteka_procurement,"registration=fns_egrul_egrip | tax_debt=firmoteka_tax | finance=firmoteka_finance | bankruptcy=fedresurs_bankruptcy,efrsb_direct | fssp=firmoteka_fssp,fssp_direct | cbr_zsk=cbr_zsk | management=firmoteka_management | licences_sro=licences_sro",Процедура: конкурсное производство — 16.2 балла | Регистрационный статус: Не действует — 10.8 балла | Налоговая задолженность: 13 660 610 690.17 ₽ — 6 баллов,NOT_IN_VALIDATION_MATRIX,
Налоговые факторы,"ООО ""АЛЬФА ЛЮКС""",7329004869,60,Высокий риск,Высокий риск,78,78,100,False,registration | fssp | tax_debt | tax_offence | finance | cbr_warning | management | regulatory_inspections,bankruptcy | licences_sro,arbitration | general_courts | cbr_zsk | procurement_rnp,registration=firmoteka_registration | tax_debt=fns_tax_debt | tax_offence=fns_tax_offence | finance=fns_revenue_expenses | bankruptcy=firmoteka_bankruptcy | fssp=firmoteka_fssp | arbitration=checko_arbitration_cases | general_courts=moscow_general_court_cases | cbr_warning=cbr_warning_list | cbr_zsk=cbr_zsk_direct | bankinform=capability_applicability_policy | management=fns_disqualified | licences_sro=firmoteka_licences_sro | regulatory_inspections=erknm_inspections | procurement_rnp=firmoteka_procurement,"registration=fns_egrul_egrip | tax_debt=firmoteka_tax | finance=firmoteka_finance | bankruptcy=fedresurs_bankruptcy,efrsb_direct | fssp=fssp_enforcement,fssp_direct | cbr_zsk=cbr_zsk | management=firmoteka_management | licences_sro=licences_sro",Процедура: конкурсное производство — 16.2 балла | Регистрационный статус: Не действует — 10.8 балла | Финансовый результат: -9 750 000 ₽ — 7 баллов,NOT_IN_VALIDATION_MATRIX,
Налоговые факторы,"ООО ""УКТ-99""",6658096951,60,Высокий риск,Высокий риск,78,78,100,False,registration | fssp | tax_debt | tax_offence | finance | cbr_warning | management | regulatory_inspections,bankruptcy | licences_sro,arbitration | general_courts | cbr_zsk | procurement_rnp,registration=firmoteka_registration | tax_debt=fns_tax_debt | tax_offence=fns_tax_offence | finance=fns_revenue_expenses | bankruptcy=firmoteka_bankruptcy | fssp=firmoteka_fssp | arbitration=checko_arbitration_cases | general_courts=moscow_general_court_cases | cbr_warning=cbr_warning_list | cbr_zsk=cbr_zsk_direct | bankinform=capability_applicability_policy | management=fns_disqualified | licences_sro=firmoteka_licences_sro | regulatory_inspections=erknm_inspections | procurement_rnp=firmoteka_procurement,"registration=fns_egrul_egrip | tax_debt=firmoteka_tax | finance=firmoteka_finance | bankruptcy=fedresurs_bankruptcy,efrsb_direct | fssp=fssp_enforcement,fssp_direct | cbr_zsk=cbr_zsk | management=firmoteka_management | licences_sro=licences_sro",Процедура: конкурсное производство — 16.2 балла | Регистрационный статус: Не действует — 10.8 балла | Налоговая задолженность: 6 835 248 905.36 ₽ — 6 баллов,NOT_IN_VALIDATION_MATRIX,
Налоговые факторы,"ООО ""СК ""ЭВЕРЕСТ""",1215214540,41,Требует внимания,Требует внимания,78,78,100,False,registration | fssp | tax_debt | tax_offence | finance | cbr_warning | management | regulatory_inspections,bankruptcy | licences_sro,arbitration | general_courts | cbr_zsk | procurement_rnp,registration=firmoteka_registration | tax_debt=fns_tax_debt | tax_offence=fns_tax_offence | finance=fns_revenue_expenses | bankruptcy=firmoteka_bankruptcy | fssp=firmoteka_fssp | arbitration=checko_arbitration_cases | general_courts=moscow_general_court_cases | cbr_warning=cbr_warning_list | cbr_zsk=cbr_zsk_direct | bankinform=capability_applicability_policy | management=fns_disqualified | licences_sro=firmoteka_licences_sro | regulatory_inspections=erknm_inspections | procurement_rnp=firmoteka_procurement,"registration=fns_egrul_egrip | tax_debt=firmoteka_tax | finance=firmoteka_finance | bankruptcy=fedresurs_bankruptcy,efrsb_direct | fssp=fssp_enforcement,fssp_direct | cbr_zsk=cbr_zsk | management=firmoteka_management | licences_sro=official_licence_registries","Регистрационный статус: Не действует — 10.8 балла | Действующих производств: 36, остаток: 2 270 019 813.87 ₽ — 9 баллов | Процедура: возбуждено дело о банкротстве — 8.1 балла",UNVERIFIED,
Налоговые факторы,"ООО ""ФИРМА СУ-10""",0274101890,60,Высокий риск,Высокий риск,78,78,100,False,registration | fssp | tax_debt | tax_offence | finance | cbr_warning | management | regulatory_inspections,bankruptcy | licences_sro,arbitration | general_courts | cbr_zsk | procurement_rnp,registration=firmoteka_registration | tax_debt=fns_tax_debt | tax_offence=fns_tax_offence | finance=fns_revenue_expenses | bankruptcy=firmoteka_bankruptcy | fssp=firmoteka_fssp | arbitration=checko_arbitration_cases | general_courts=moscow_general_court_cases | cbr_warning=cbr_warning_list | cbr_zsk=cbr_zsk_direct | bankinform=capability_applicability_policy | management=fns_disqualified | licences_sro=firmoteka_licences_sro | regulatory_inspections=erknm_inspections | procurement_rnp=firmoteka_procurement,"registration=fns_egrul_egrip | tax_debt=firmoteka_tax | finance=firmoteka_finance | bankruptcy=fedresurs_bankruptcy,efrsb_direct | fssp=fssp_enforcement,fssp_direct | cbr_zsk=cbr_zsk | management=firmoteka_management | licences_sro=official_licence_registries","Процедура: наблюдение — 16.2 балла | Регистрационный статус: Не действует — 10.8 балла | Действующих производств: 74, остаток: 1 617 123 987.05 ₽ — 9 баллов",MISMATCH,FSSP direct/bridge mismatch: 96 vs 74
Налоговые факторы,"ООО ""СМУ ""ФРОНТ ИНЖИНИРИНГ""",7723741395,60,Высокий риск,Высокий риск,67,67,100,False,registration | tax_debt | tax_offence | finance | cbr_warning | management | regulatory_inspections,bankruptcy | licences_sro,fssp | arbitration | general_courts | cbr_zsk | procurement_rnp,registration=firmoteka_registration | tax_debt=fns_tax_debt | tax_offence=fns_tax_offence | finance=fns_revenue_expenses | bankruptcy=firmoteka_bankruptcy | fssp=fssp_enforcement | arbitration=checko_arbitration_cases | general_courts=moscow_general_court_cases | cbr_warning=cbr_warning_list | cbr_zsk=cbr_zsk_direct | bankinform=capability_applicability_policy | management=fns_disqualified | licences_sro=firmoteka_licences_sro | regulatory_inspections=erknm_inspections | procurement_rnp=firmoteka_procurement,"registration=fns_egrul_egrip | tax_debt=firmoteka_tax | finance=firmoteka_finance | bankruptcy=fedresurs_bankruptcy,efrsb_direct | fssp=firmoteka_fssp,fssp_direct | cbr_zsk=cbr_zsk | management=firmoteka_management | licences_sro=official_licence_registries",Процедура: конкурсное производство — 16.2 балла | Регистрационный статус: Не действует — 10.8 балла | Финансовый результат: -154 000 ₽ — 7 баллов,NOT_IN_VALIDATION_MATRIX,
Налоговые факторы,"ООО ""СОКРАТ""",3662075500,27,Умеренный риск,Умеренный риск,77,77,100,False,registration | fssp | tax_debt | tax_offence | finance | cbr_warning | management | regulatory_inspections,bankruptcy,arbitration | general_courts | cbr_zsk | procurement_rnp,registration=firmoteka_registration | tax_debt=fns_tax_debt | tax_offence=fns_tax_offence | finance=fns_revenue_expenses | bankruptcy=firmoteka_bankruptcy | fssp=firmoteka_fssp | arbitration=checko_arbitration_cases | general_courts=moscow_general_court_cases | cbr_warning=cbr_warning_list | cbr_zsk=cbr_zsk_direct | bankinform=capability_applicability_policy | management=fns_disqualified | licences_sro=capability_applicability_policy | regulatory_inspections=erknm_inspections | procurement_rnp=firmoteka_procurement,"registration=fns_egrul_egrip | tax_debt=firmoteka_tax | finance=firmoteka_finance | bankruptcy=fedresurs_bankruptcy,efrsb_direct | fssp=fssp_enforcement,fssp_direct | cbr_zsk=cbr_zsk | management=firmoteka_management","Действующих производств: 27, остаток: 630 226 674.2 ₽ — 9 баллов | Процедура: возбуждено дело о банкротстве — 8.1 балла | Налоговая задолженность: 626 399 548.06 ₽ — 6 баллов",UNVERIFIED,
Налоговые факторы,"ООО ""ТРАНСАГРО""",1635009350,60,Высокий риск,Высокий риск,77,77,100,False,registration | fssp | tax_debt | tax_offence | finance | cbr_warning | management | regulatory_inspections,bankruptcy,arbitration | general_courts | cbr_zsk | procurement_rnp,registration=firmoteka_registration | tax_debt=fns_tax_debt | tax_offence=fns_tax_offence | finance=fns_revenue_expenses | bankruptcy=firmoteka_bankruptcy | fssp=firmoteka_fssp | arbitration=checko_arbitration_cases | general_courts=moscow_general_court_cases | cbr_warning=cbr_warning_list | cbr_zsk=cbr_zsk_direct | bankinform=capability_applicability_policy | management=fns_disqualified | licences_sro=capability_applicability_policy | regulatory_inspections=erknm_inspections | procurement_rnp=firmoteka_procurement,"registration=fns_egrul_egrip | tax_debt=firmoteka_tax | finance=firmoteka_finance | bankruptcy=fedresurs_bankruptcy,efrsb_direct | fssp=fssp_enforcement,fssp_direct | cbr_zsk=cbr_zsk | management=firmoteka_management",Процедура: конкурсное производство — 16.2 балла | Регистрационный статус: Не действует — 10.8 балла | Финансовый результат: -3 868 000 ₽ — 7 баллов,NOT_IN_VALIDATION_MATRIX,
Действующие,"ООО ""МАТРЕШКА ГРУПП""",9731123460,2,Низкий наблюдаемый риск,Недостаточно данных для полного вывода,51,51,100,False,registration | tax_debt | tax_offence | finance | cbr_warning | management | regulatory_inspections,,bankruptcy | fssp | arbitration | general_courts | cbr_zsk | licences_sro | procurement_rnp,registration=firmoteka_registration | tax_debt=fns_tax_debt | tax_offence=fns_tax_offence | finance=fns_revenue_expenses | bankruptcy=efrsb_direct | fssp=fssp_enforcement | arbitration=checko_arbitration_cases | general_courts=moscow_general_court_cases | cbr_warning=cbr_warning_list | cbr_zsk=cbr_zsk_direct | bankinform=capability_applicability_policy | management=fns_disqualified | licences_sro=licences_sro | regulatory_inspections=erknm_inspections | procurement_rnp=firmoteka_procurement,"registration=fns_egrul_egrip | tax_debt=firmoteka_tax | finance=firmoteka_finance | bankruptcy=fedresurs_bankruptcy,firmoteka_bankruptcy_discovery | fssp=firmoteka_fssp,fssp_direct | cbr_zsk=cbr_zsk | management=firmoteka_management | licences_sro=firmoteka_licences_sro",Налоговая задолженность: 1 591 ₽ — 1 балл | Опубликовано налоговое правонарушение — 1 балл,NOT_IN_VALIDATION_MATRIX,
Действующие,"ООО ""КС-КРАН СТРОЙ""",9729326374,3,Низкий наблюдаемый риск,Недостаточно данных для полного вывода,64,64,100,False,registration | fssp | tax_debt | tax_offence | finance | cbr_warning | management | regulatory_inspections,,bankruptcy | arbitration | general_courts | cbr_zsk | procurement_rnp,registration=firmoteka_registration | tax_debt=fns_tax_debt | tax_offence=fns_tax_offence | finance=fns_revenue_expenses | bankruptcy=efrsb_direct | fssp=firmoteka_fssp | arbitration=checko_arbitration_cases | general_courts=moscow_general_court_cases | cbr_warning=cbr_warning_list | cbr_zsk=cbr_zsk_direct | bankinform=capability_applicability_policy | management=fns_disqualified | licences_sro=capability_applicability_policy | regulatory_inspections=erknm_inspections | procurement_rnp=firmoteka_procurement,"registration=fns_egrul_egrip | tax_debt=firmoteka_tax | finance=firmoteka_finance | bankruptcy=fedresurs_bankruptcy,firmoteka_bankruptcy_discovery | fssp=fssp_enforcement,fssp_direct | cbr_zsk=cbr_zsk | management=firmoteka_management","Действующих производств: 1, остаток: 0 ₽ — 1.98 балла | Налоговая задолженность: 187 252.62 ₽ — 1.02 балла",NOT_IN_VALIDATION_MATRIX,
Действующие,"ООО ""СТРОЙВЕСТ""",9729263501,4,Низкий наблюдаемый риск,Недостаточно данных для полного вывода,51,51,100,False,registration | tax_debt | tax_offence | finance | cbr_warning | management | regulatory_inspections,,bankruptcy | fssp | arbitration | general_courts | cbr_zsk | licences_sro | procurement_rnp,registration=firmoteka_registration | tax_debt=fns_tax_debt | tax_offence=fns_tax_offence | finance=fns_revenue_expenses | bankruptcy=efrsb_direct | fssp=fssp_enforcement | arbitration=checko_arbitration_cases | general_courts=moscow_general_court_cases | cbr_warning=cbr_warning_list | cbr_zsk=cbr_zsk_direct | bankinform=capability_applicability_policy | management=fns_disqualified | licences_sro=official_licence_registries | regulatory_inspections=erknm_inspections | procurement_rnp=firmoteka_procurement,"registration=fns_egrul_egrip | tax_debt=firmoteka_tax | finance=firmoteka_finance | bankruptcy=fedresurs_bankruptcy,firmoteka_bankruptcy_discovery | fssp=firmoteka_fssp,fssp_direct | cbr_zsk=cbr_zsk | management=firmoteka_management | licences_sro=firmoteka_licences_sro",Финансовый результат: -121 000 ₽ — 3 балла | Налоговая задолженность: 77 350.65 ₽ — 1.01 балла,NOT_IN_VALIDATION_MATRIX,
Действующие,"ООО ""ВЕЛЕС""",9729111450,1,Низкий наблюдаемый риск,Недостаточно данных для полного вывода,53,53,100,False,registration | tax_debt | tax_offence | finance | cbr_warning | management | regulatory_inspections,,bankruptcy | fssp | arbitration | general_courts | cbr_zsk | procurement_rnp,registration=firmoteka_registration | tax_debt=fns_tax_debt | tax_offence=fns_tax_offence | finance=fns_revenue_expenses | bankruptcy=efrsb_direct | fssp=fssp_enforcement | arbitration=checko_arbitration_cases | general_courts=moscow_general_court_cases | cbr_warning=cbr_warning_list | cbr_zsk=cbr_zsk_direct | bankinform=capability_applicability_policy | management=fns_disqualified | licences_sro=capability_applicability_policy | regulatory_inspections=erknm_inspections | procurement_rnp=firmoteka_procurement,"registration=fns_egrul_egrip | tax_debt=firmoteka_tax | finance=firmoteka_finance | bankruptcy=fedresurs_bankruptcy,firmoteka_bankruptcy_discovery | fssp=firmoteka_fssp,fssp_direct | cbr_zsk=cbr_zsk | management=firmoteka_management",Налоговая задолженность: 1 156 962.43 ₽ — 1.12 балла,NOT_IN_VALIDATION_MATRIX,
Действующие,"ООО ""ПАРТИЯ""",9723254500,1,Низкий наблюдаемый риск,Недостаточно данных для полного вывода,53,53,100,False,registration | tax_debt | tax_offence | finance | cbr_warning | management | regulatory_inspections,,bankruptcy | fssp | arbitration | general_courts | cbr_zsk | procurement_rnp,registration=firmoteka_registration | tax_debt=fns_tax_debt | tax_offence=fns_tax_offence | finance=fns_revenue_expenses | bankruptcy=efrsb_direct | fssp=fssp_enforcement | arbitration=checko_arbitration_cases | general_courts=moscow_general_court_cases | cbr_warning=cbr_warning_list | cbr_zsk=cbr_zsk_direct | bankinform=capability_applicability_policy | management=fns_disqualified | licences_sro=capability_applicability_policy | regulatory_inspections=erknm_inspections | procurement_rnp=firmoteka_procurement,"registration=fns_egrul_egrip | tax_debt=firmoteka_tax | finance=firmoteka_finance | bankruptcy=fedresurs_bankruptcy,firmoteka_bankruptcy_discovery | fssp=firmoteka_fssp,fssp_direct | cbr_zsk=cbr_zsk | management=firmoteka_management",Налоговая задолженность: 48 462.75 ₽ — 1 балл,NOT_IN_VALIDATION_MATRIX,
Действующие,"ООО ""СТУДИЯ 11""",9719014457,1,Низкий наблюдаемый риск,Недостаточно данных для полного вывода,53,53,100,False,registration | tax_debt | tax_offence | finance | cbr_warning | management | regulatory_inspections,,bankruptcy | fssp | arbitration | general_courts | cbr_zsk | procurement_rnp,registration=firmoteka_registration | tax_debt=fns_tax_debt | tax_offence=fns_tax_offence | finance=fns_revenue_expenses | bankruptcy=efrsb_direct | fssp=fssp_enforcement | arbitration=checko_arbitration_cases | general_courts=moscow_general_court_cases | cbr_warning=cbr_warning_list | cbr_zsk=cbr_zsk_direct | bankinform=capability_applicability_policy | management=fns_disqualified | licences_sro=capability_applicability_policy | regulatory_inspections=erknm_inspections | procurement_rnp=firmoteka_procurement,"registration=fns_egrul_egrip | tax_debt=firmoteka_tax | finance=firmoteka_finance | bankruptcy=fedresurs_bankruptcy,firmoteka_bankruptcy_discovery | fssp=firmoteka_fssp,fssp_direct | cbr_zsk=cbr_zsk | management=firmoteka_management",Налоговая задолженность: 3 000 ₽ — 1 балл,NOT_IN_VALIDATION_MATRIX,
Действующие,"ООО ""РУССКИЙ СЕВЕР""",9705169002,1,Низкий наблюдаемый риск,Недостаточно данных для полного вывода,53,53,100,False,registration | tax_debt | tax_offence | finance | cbr_warning | management | regulatory_inspections,,bankruptcy | fssp | arbitration | general_courts | cbr_zsk | procurement_rnp,registration=firmoteka_registration | tax_debt=fns_tax_debt | tax_offence=fns_tax_offence | finance=fns_revenue_expenses | bankruptcy=efrsb_direct | fssp=fssp_enforcement | arbitration=checko_arbitration_cases | general_courts=moscow_general_court_cases | cbr_warning=cbr_warning_list | cbr_zsk=cbr_zsk_direct | bankinform=capability_applicability_policy | management=fns_disqualified | licences_sro=capability_applicability_policy | regulatory_inspections=erknm_inspections | procurement_rnp=firmoteka_procurement,"registration=fns_egrul_egrip | tax_debt=firmoteka_tax | finance=firmoteka_finance | bankruptcy=fedresurs_bankruptcy,firmoteka_bankruptcy_discovery | fssp=firmoteka_fssp,fssp_direct | cbr_zsk=cbr_zsk | management=firmoteka_management",Налоговая задолженность: 4 264 388.13 ₽ — 1.43 балла,NOT_IN_VALIDATION_MATRIX,
Действующие,"ООО ""АГНИ-КИНО""",9705115769,1,Низкий наблюдаемый риск,Недостаточно данных для полного вывода,53,53,100,False,registration | tax_debt | tax_offence | finance | cbr_warning | management | regulatory_inspections,,bankruptcy | fssp | arbitration | general_courts | cbr_zsk | procurement_rnp,registration=firmoteka_registration | tax_debt=fns_tax_debt | tax_offence=fns_tax_offence | finance=fns_revenue_expenses | bankruptcy=efrsb_direct | fssp=fssp_enforcement | arbitration=checko_arbitration_cases | general_courts=moscow_general_court_cases | cbr_warning=cbr_warning_list | cbr_zsk=cbr_zsk_direct | bankinform=capability_applicability_policy | management=fns_disqualified | licences_sro=capability_applicability_policy | regulatory_inspections=erknm_inspections | procurement_rnp=firmoteka_procurement,"registration=fns_egrul_egrip | tax_debt=firmoteka_tax | finance=firmoteka_finance | bankruptcy=fedresurs_bankruptcy,firmoteka_bankruptcy_discovery | fssp=firmoteka_fssp,fssp_direct | cbr_zsk=cbr_zsk | management=firmoteka_management",Налоговая задолженность: 14 221.83 ₽ — 1 балл,NOT_IN_VALIDATION_MATRIX,
Действующие,"ООО ""ВИРААС""",9701291442,1,Низкий наблюдаемый риск,Недостаточно данных для полного вывода,51,51,100,False,registration | tax_debt | tax_offence | finance | cbr_warning | management | regulatory_inspections,,bankruptcy | fssp | arbitration | general_courts | cbr_zsk | licences_sro | procurement_rnp,registration=firmoteka_registration | tax_debt=fns_tax_debt | tax_offence=fns_tax_offence | finance=fns_revenue_expenses | bankruptcy=efrsb_direct | fssp=fssp_enforcement | arbitration=checko_arbitration_cases | general_courts=moscow_general_court_cases | cbr_warning=cbr_warning_list | cbr_zsk=cbr_zsk_direct | bankinform=capability_applicability_policy | management=fns_disqualified | licences_sro=official_licence_registries | regulatory_inspections=erknm_inspections | procurement_rnp=firmoteka_procurement,"registration=fns_egrul_egrip | tax_debt=firmoteka_tax | finance=firmoteka_finance | bankruptcy=fedresurs_bankruptcy,firmoteka_bankruptcy_discovery | fssp=firmoteka_fssp,fssp_direct | cbr_zsk=cbr_zsk | management=firmoteka_management | licences_sro=firmoteka_licences_sro",Налоговая задолженность: 1 371 021.95 ₽ — 1.14 балла,NOT_IN_VALIDATION_MATRIX,
Действующие,"АО ""КРЫМАВТОДОР""",9102309919,9,Низкий наблюдаемый риск,Недостаточно данных для полного вывода,65,65,100,False,registration | fssp | tax_debt | tax_offence | finance | cbr_warning | management | regulatory_inspections,licences_sro,bankruptcy | arbitration | general_courts | cbr_zsk | procurement_rnp,registration=fns_egrul_egrip | tax_debt=fns_tax_debt | tax_offence=fns_tax_offence | finance=fns_revenue_expenses | bankruptcy=efrsb_direct | fssp=firmoteka_fssp | arbitration=checko_arbitration_cases | general_courts=moscow_general_court_cases | cbr_warning=cbr_warning_list | cbr_zsk=cbr_zsk_direct | bankinform=capability_applicability_policy | management=fns_disqualified | licences_sro=firmoteka_licences_sro | regulatory_inspections=erknm_inspections | procurement_rnp=firmoteka_procurement,"registration=firmoteka_registration | tax_debt=firmoteka_tax | finance=firmoteka_finance | bankruptcy=fedresurs_bankruptcy,firmoteka_bankruptcy_discovery | fssp=fssp_enforcement,fssp_direct | cbr_zsk=cbr_zsk | management=firmoteka_management | licences_sro=official_licence_registries","Налоговая задолженность: 78 547 746.04 ₽ — 6 баллов | Действующих производств: 6, остаток: 0 ₽ — 2.88 балла",NOT_IN_VALIDATION_MATRIX,
Низкий наблюдаемый риск — кандидат,"ООО ""АЛЬБАДЕНТ""",2309153831,0,Низкий наблюдаемый риск,Недостаточно данных для полного вывода,54,54,100,False,registration | tax_debt | tax_offence | finance | cbr_warning | management | regulatory_inspections,licences_sro,bankruptcy | fssp | arbitration | general_courts | cbr_zsk | procurement_rnp,registration=firmoteka_registration | tax_debt=fns_tax_debt | tax_offence=fns_tax_offence | finance=fns_revenue_expenses | bankruptcy=efrsb_direct | fssp=fssp_enforcement | arbitration=checko_arbitration_cases | general_courts=moscow_general_court_cases | cbr_warning=cbr_warning_list | cbr_zsk=cbr_zsk_direct | bankinform=capability_applicability_policy | management=fns_disqualified | licences_sro=firmoteka_licences_sro | regulatory_inspections=erknm_inspections | procurement_rnp=firmoteka_procurement,"registration=fns_egrul_egrip | tax_debt=firmoteka_tax | finance=firmoteka_finance | bankruptcy=fedresurs_bankruptcy,firmoteka_bankruptcy_discovery | fssp=firmoteka_fssp,fssp_direct | cbr_zsk=cbr_zsk | management=firmoteka_management | licences_sro=official_licence_registries",,NOT_IN_VALIDATION_MATRIX,
Низкий наблюдаемый риск — кандидат,"ООО ""ПМК-703""",2016006918,0,Низкий наблюдаемый риск,Недостаточно данных для полного вывода,51,51,100,False,registration | tax_debt | tax_offence | finance | cbr_warning | management | regulatory_inspections,,bankruptcy | fssp | arbitration | general_courts | cbr_zsk | licences_sro | procurement_rnp,registration=firmoteka_registration | tax_debt=fns_tax_debt | tax_offence=fns_tax_offence | finance=fns_revenue_expenses | bankruptcy=efrsb_direct | fssp=fssp_enforcement | arbitration=checko_arbitration_cases | general_courts=moscow_general_court_cases | cbr_warning=cbr_warning_list | cbr_zsk=cbr_zsk_direct | bankinform=capability_applicability_policy | management=fns_disqualified | licences_sro=official_licence_registries | regulatory_inspections=erknm_inspections | procurement_rnp=firmoteka_procurement,"registration=fns_egrul_egrip | tax_debt=firmoteka_tax | finance=firmoteka_finance | bankruptcy=fedresurs_bankruptcy,firmoteka_bankruptcy_discovery | fssp=firmoteka_fssp,fssp_direct | cbr_zsk=cbr_zsk | management=firmoteka_management | licences_sro=firmoteka_licences_sro",,NOT_IN_VALIDATION_MATRIX,
Низкий наблюдаемый риск — кандидат,"ООО ""АЙТИ ЛОДЖИК""",1700009762,0,Низкий наблюдаемый риск,Недостаточно данных для полного вывода,53,53,100,False,registration | tax_debt | tax_offence | finance | cbr_warning | management | regulatory_inspections,,bankruptcy | fssp | arbitration | general_courts | cbr_zsk | procurement_rnp,registration=firmoteka_registration | tax_debt=fns_tax_debt | tax_offence=fns_tax_offence | finance=fns_revenue_expenses | bankruptcy=efrsb_direct | fssp=fssp_enforcement | arbitration=checko_arbitration_cases | general_courts=moscow_general_court_cases | cbr_warning=cbr_warning_list | cbr_zsk=cbr_zsk_direct | bankinform=capability_applicability_policy | management=fns_disqualified | licences_sro=capability_applicability_policy | regulatory_inspections=erknm_inspections | procurement_rnp=firmoteka_procurement,"registration=fns_egrul_egrip | tax_debt=firmoteka_tax | finance=firmoteka_finance | bankruptcy=fedresurs_bankruptcy,firmoteka_bankruptcy_discovery | fssp=firmoteka_fssp,fssp_direct | cbr_zsk=cbr_zsk | management=firmoteka_management",,NOT_IN_VALIDATION_MATRIX,
Низкий наблюдаемый риск — кандидат,"ООО ""ФАЙДОР""",1683005927,0,Низкий наблюдаемый риск,Недостаточно данных для полного вывода,53,53,100,False,registration | tax_debt | tax_offence | finance | cbr_warning | management | regulatory_inspections,,bankruptcy | fssp | arbitration | general_courts | cbr_zsk | procurement_rnp,registration=firmoteka_registration | tax_debt=fns_tax_debt | tax_offence=fns_tax_offence | finance=fns_revenue_expenses | bankruptcy=efrsb_direct | fssp=fssp_enforcement | arbitration=checko_arbitration_cases | general_courts=moscow_general_court_cases | cbr_warning=cbr_warning_list | cbr_zsk=cbr_zsk_direct | bankinform=capability_applicability_policy | management=fns_disqualified | licences_sro=capability_applicability_policy | regulatory_inspections=erknm_inspections | procurement_rnp=firmoteka_procurement,"registration=fns_egrul_egrip | tax_debt=firmoteka_tax | finance=firmoteka_finance | bankruptcy=fedresurs_bankruptcy,firmoteka_bankruptcy_discovery | fssp=firmoteka_fssp,fssp_direct | cbr_zsk=cbr_zsk | management=firmoteka_management",,NOT_IN_VALIDATION_MATRIX,
Низкий наблюдаемый риск — кандидат,"ООО ""ЮМАРТ""",1622005479,0,Низкий наблюдаемый риск,Недостаточно данных для полного вывода,53,53,100,False,registration | tax_debt | tax_offence | finance | cbr_warning | management | regulatory_inspections,,bankruptcy | fssp | arbitration | general_courts | cbr_zsk | procurement_rnp,registration=firmoteka_registration | tax_debt=fns_tax_debt | tax_offence=fns_tax_offence | finance=fns_revenue_expenses | bankruptcy=efrsb_direct | fssp=fssp_enforcement | arbitration=checko_arbitration_cases | general_courts=moscow_general_court_cases | cbr_warning=cbr_warning_list | cbr_zsk=cbr_zsk_direct | bankinform=capability_applicability_policy | management=fns_disqualified | licences_sro=capability_applicability_policy | regulatory_inspections=erknm_inspections | procurement_rnp=firmoteka_procurement,"registration=fns_egrul_egrip | tax_debt=firmoteka_tax | finance=firmoteka_finance | bankruptcy=fedresurs_bankruptcy,firmoteka_bankruptcy_discovery | fssp=firmoteka_fssp,fssp_direct | cbr_zsk=cbr_zsk | management=firmoteka_management",,NOT_IN_VALIDATION_MATRIX,
Низкий наблюдаемый риск — кандидат,"ООО ""УЮТ-ДОМ""",1616027467,0,Низкий наблюдаемый риск,Недостаточно данных для полного вывода,53,53,100,False,registration | tax_debt | tax_offence | finance | cbr_warning | management | regulatory_inspections,,bankruptcy | fssp | arbitration | general_courts | cbr_zsk | procurement_rnp,registration=firmoteka_registration | tax_debt=fns_tax_debt | tax_offence=fns_tax_offence | finance=fns_revenue_expenses | bankruptcy=efrsb_direct | fssp=fssp_enforcement | arbitration=checko_arbitration_cases | general_courts=moscow_general_court_cases | cbr_warning=cbr_warning_list | cbr_zsk=cbr_zsk_direct | bankinform=capability_applicability_policy | management=fns_disqualified | licences_sro=capability_applicability_policy | regulatory_inspections=erknm_inspections | procurement_rnp=firmoteka_procurement,"registration=fns_egrul_egrip | tax_debt=firmoteka_tax | finance=firmoteka_finance | bankruptcy=fedresurs_bankruptcy,firmoteka_bankruptcy_discovery | fssp=firmoteka_fssp,fssp_direct | cbr_zsk=cbr_zsk | management=firmoteka_management",,NOT_IN_VALIDATION_MATRIX,
Низкий наблюдаемый риск — кандидат,"ООО ""ОЛИМПСТРОЙ""",1435350130,0,Низкий наблюдаемый риск,Недостаточно данных для полного вывода,51,51,100,False,registration | tax_debt | tax_offence | finance | cbr_warning | management | regulatory_inspections,,bankruptcy | fssp | arbitration | general_courts | cbr_zsk | licences_sro | procurement_rnp,registration=firmoteka_registration | tax_debt=fns_tax_debt | tax_offence=fns_tax_offence | finance=fns_revenue_expenses | bankruptcy=efrsb_direct | fssp=fssp_enforcement | arbitration=checko_arbitration_cases | general_courts=moscow_general_court_cases | cbr_warning=cbr_warning_list | cbr_zsk=cbr_zsk_direct | bankinform=capability_applicability_policy | management=fns_disqualified | licences_sro=official_licence_registries | regulatory_inspections=erknm_inspections | procurement_rnp=firmoteka_procurement,"registration=fns_egrul_egrip | tax_debt=firmoteka_tax | finance=firmoteka_finance | bankruptcy=fedresurs_bankruptcy,firmoteka_bankruptcy_discovery | fssp=firmoteka_fssp,fssp_direct | cbr_zsk=cbr_zsk | management=firmoteka_management | licences_sro=firmoteka_licences_sro",,NOT_IN_VALIDATION_MATRIX,
Низкий наблюдаемый риск — кандидат,"ООО ""РОА ШЕРИФ""",1435295295,0,Низкий наблюдаемый риск,Недостаточно данных для полного вывода,54,54,100,False,registration | tax_debt | tax_offence | finance | cbr_warning | management | regulatory_inspections,licences_sro,bankruptcy | fssp | arbitration | general_courts | cbr_zsk | procurement_rnp,registration=firmoteka_registration | tax_debt=fns_tax_debt | tax_offence=fns_tax_offence | finance=fns_revenue_expenses | bankruptcy=efrsb_direct | fssp=fssp_enforcement | arbitration=checko_arbitration_cases | general_courts=moscow_general_court_cases | cbr_warning=cbr_warning_list | cbr_zsk=cbr_zsk_direct | bankinform=capability_applicability_policy | management=fns_disqualified | licences_sro=firmoteka_licences_sro | regulatory_inspections=erknm_inspections | procurement_rnp=firmoteka_procurement,"registration=fns_egrul_egrip | tax_debt=firmoteka_tax | finance=firmoteka_finance | bankruptcy=fedresurs_bankruptcy,firmoteka_bankruptcy_discovery | fssp=firmoteka_fssp,fssp_direct | cbr_zsk=cbr_zsk | management=firmoteka_management | licences_sro=licences_sro",,NOT_IN_VALIDATION_MATRIX,
Низкий наблюдаемый риск — кандидат,"ООО ""РАНТЬЕ""",1215153707,0,Низкий наблюдаемый риск,Недостаточно данных для полного вывода,53,53,100,False,registration | tax_debt | tax_offence | finance | cbr_warning | management | regulatory_inspections,,bankruptcy | fssp | arbitration | general_courts | cbr_zsk | procurement_rnp,registration=firmoteka_registration | tax_debt=fns_tax_debt | tax_offence=fns_tax_offence | finance=fns_revenue_expenses | bankruptcy=efrsb_direct | fssp=fssp_enforcement | arbitration=checko_arbitration_cases | general_courts=moscow_general_court_cases | cbr_warning=cbr_warning_list | cbr_zsk=cbr_zsk_direct | bankinform=capability_applicability_policy | management=fns_disqualified | licences_sro=capability_applicability_policy | regulatory_inspections=erknm_inspections | procurement_rnp=firmoteka_procurement,"registration=fns_egrul_egrip | tax_debt=firmoteka_tax | finance=firmoteka_finance | bankruptcy=fedresurs_bankruptcy,firmoteka_bankruptcy_discovery | fssp=firmoteka_fssp,fssp_direct | cbr_zsk=cbr_zsk | management=firmoteka_management",,NOT_IN_VALIDATION_MATRIX,
Низкий наблюдаемый риск — кандидат,"ООО ""ВЕСНА""",0705007750,0,Низкий наблюдаемый риск,Недостаточно данных для полного вывода,54,54,100,False,registration | tax_debt | tax_offence | finance | cbr_warning | management | regulatory_inspections,licences_sro,bankruptcy | fssp | arbitration | general_courts | cbr_zsk | procurement_rnp,registration=firmoteka_registration | tax_debt=fns_tax_debt | tax_offence=fns_tax_offence | finance=fns_revenue_expenses | bankruptcy=efrsb_direct | fssp=fssp_enforcement | arbitration=checko_arbitration_cases | general_courts=moscow_general_court_cases | cbr_warning=cbr_warning_list | cbr_zsk=cbr_zsk_direct | bankinform=capability_applicability_policy | management=fns_disqualified | licences_sro=firmoteka_licences_sro | regulatory_inspections=erknm_inspections | procurement_rnp=firmoteka_procurement,"registration=fns_egrul_egrip | tax_debt=firmoteka_tax | finance=firmoteka_finance | bankruptcy=fedresurs_bankruptcy,firmoteka_bankruptcy_discovery | fssp=firmoteka_fssp,fssp_direct | cbr_zsk=cbr_zsk | management=firmoteka_management | licences_sro=licences_sro",,NOT_IN_VALIDATION_MATRIX,
